[{
  "_id": {
    "$oid": "6464b055a8f61a9c32c8a849"
  },
  "Standard": "01",
  "Classcode": "01A",
  "__v": 0
},{
  "_id": {
    "$oid": "6464b05fa8f61a9c32c8a84f"
  },
  "Standard": "02",
  "Classcode": "02A",
  "__v": 0
},{
  "_id": {
    "$oid": "6464b064a8f61a9c32c8a853"
  },
  "Standard": "03",
  "Classcode": "03A",
  "__v": 0
},{
  "_id": {
    "$oid": "6464b06aa8f61a9c32c8a857"
  },
  "Standard": "04",
  "Classcode": "04A",
  "__v": 0
},{
  "_id": {
    "$oid": "6464b070a8f61a9c32c8a85b"
  },
  "Standard": "05",
  "Classcode": "05A",
  "__v": 0
},{
  "_id": {
    "$oid": "6464b078a8f61a9c32c8a85f"
  },
  "Standard": "06",
  "Classcode": "06A",
  "__v": 0
},{
  "_id": {
    "$oid": "6464b083a8f61a9c32c8a863"
  },
  "Standard": "07",
  "Classcode": "07A",
  "__v": 0
},{
  "_id": {
    "$oid": "6464b08aa8f61a9c32c8a867"
  },
  "Standard": "08",
  "Classcode": "08A",
  "__v": 0
},{
  "_id": {
    "$oid": "6464b08fa8f61a9c32c8a86b"
  },
  "Standard": "09",
  "Classcode": "09A",
  "__v": 0
},{
  "_id": {
    "$oid": "6464b096a8f61a9c32c8a86f"
  },
  "Standard": "10",
  "Classcode": "10A",
  "__v": 0
},{
  "_id": {
    "$oid": "6464b09ba8f61a9c32c8a873"
  },
  "Standard": "11",
  "Classcode": "11A",
  "__v": 0
},{
  "_id": {
    "$oid": "6464b0a0a8f61a9c32c8a877"
  },
  "Standard": "12",
  "Classcode": "12A",
  "__v": 0
}]