[{
  "_id": {
    "$oid": "646220235ba3a9bb4dd214bd"
  },
  "Event_title": "This is only for testing purpos title",
  "Event_description": "This is for a testing purpos description",
  "Event_Start": {
    "$date": "2023-05-15T00:00:00.000Z"
  },
  "Event_End": {
    "$date": "2023-05-16T00:00:00.000Z"
  },
  "Groups": "Students",
  "Date": {
    "$date": "2023-05-15T11:57:51.562Z"
  },
  "__v": 0
},{
  "_id": {
    "$oid": "6462206ca91731c1632f21a8"
  },
  "Event_title": "This is only for testing",
  "Event_description": "This is for a testing purpos description",
  "Event_Start": {
    "$date": "2023-05-15T00:00:00.000Z"
  },
  "Event_End": {
    "$date": "2023-05-16T00:00:00.000Z"
  },
  "Groups": "Students",
  "Date": {
    "$date": "2023-05-15T12:06:25.899Z"
  },
  "__v": 0
},{
  "_id": {
    "$oid": "6462207ba91731c1632f21aa"
  },
  "Event_title": "This is only for testing",
  "Event_description": "This is for a testing purpos description",
  "Event_Start": {
    "$date": "2023-05-15T00:00:00.000Z"
  },
  "Event_End": {
    "$date": "2023-05-16T00:00:00.000Z"
  },
  "Groups": "Teachers",
  "Date": {
    "$date": "2023-05-15T12:06:25.899Z"
  },
  "__v": 0
},{
  "_id": {
    "$oid": "6462207da91731c1632f21ac"
  },
  "Event_title": "This is only for testing",
  "Event_description": "This is for a testing purpos description",
  "Event_Start": {
    "$date": "2023-05-15T00:00:00.000Z"
  },
  "Event_End": {
    "$date": "2023-05-16T00:00:00.000Z"
  },
  "Groups": "Teachers",
  "Date": {
    "$date": "2023-05-15T12:06:25.899Z"
  },
  "__v": 0
},{
  "_id": {
    "$oid": "64622081a91731c1632f21ae"
  },
  "Event_title": "This is only for testing",
  "Event_description": "This is for a testing purpos description",
  "Event_Start": {
    "$date": "2023-05-15T00:00:00.000Z"
  },
  "Event_End": {
    "$date": "2023-05-16T00:00:00.000Z"
  },
  "Groups": "Teachers",
  "Date": {
    "$date": "2023-05-15T12:06:25.899Z"
  },
  "__v": 0
},{
  "_id": {
    "$oid": "6462240345fc5d6fae4e4948"
  },
  "Event_title": "This is only for testing",
  "Event_description": "This is for a testing purpos description",
  "Event_Start": {
    "$date": "2023-05-15T00:00:00.000Z"
  },
  "Event_End": {
    "$date": "2023-05-16T00:00:00.000Z"
  },
  "Groups": "All",
  "Date": {
    "$date": "2023-05-15T12:22:08.598Z"
  },
  "__v": 0
}]