[{
  "_id": {
    "$oid": "6464b2d987fba96b6cd1b72f"
  },
  "Standard": "01",
  "Fees_Amount": "10000",
  "__v": 0
},{
  "_id": {
    "$oid": "6464b31ad6a58ade383b3981"
  },
  "Standard": "02",
  "Fees_Amount": "10000",
  "__v": 0
},{
  "_id": {
    "$oid": "6464b31fd6a58ade383b3986"
  },
  "Standard": "03",
  "Fees_Amount": "10000",
  "__v": 0
},{
  "_id": {
    "$oid": "6464b321d6a58ade383b398b"
  },
  "Standard": "04",
  "Fees_Amount": "10000",
  "__v": 0
},{
  "_id": {
    "$oid": "6464b323d6a58ade383b3990"
  },
  "Standard": "05",
  "Fees_Amount": "10000",
  "__v": 0
},{
  "_id": {
    "$oid": "6464b326d6a58ade383b3995"
  },
  "Standard": "06",
  "Fees_Amount": "10000",
  "__v": 0
},{
  "_id": {
    "$oid": "6464b328d6a58ade383b399a"
  },
  "Standard": "07",
  "Fees_Amount": "10000",
  "__v": 0
},{
  "_id": {
    "$oid": "6464b32bd6a58ade383b399f"
  },
  "Standard": "08",
  "Fees_Amount": "10000",
  "__v": 0
},{
  "_id": {
    "$oid": "6464b32ed6a58ade383b39a4"
  },
  "Standard": "09",
  "Fees_Amount": "10000",
  "__v": 0
},{
  "_id": {
    "$oid": "6464b331d6a58ade383b39a9"
  },
  "Standard": "10",
  "Fees_Amount": "10000",
  "__v": 0
},{
  "_id": {
    "$oid": "6464b333d6a58ade383b39ae"
  },
  "Standard": "11",
  "Fees_Amount": "10000",
  "__v": 0
},{
  "_id": {
    "$oid": "6464b336d6a58ade383b39b3"
  },
  "Standard": "12",
  "Fees_Amount": "10000",
  "__v": 0
}]