[{
  "_id": {
    "$oid": "6465ea55a582ac20e2c60500"
  },
  "T_icard_Id": "TXYJV01",
  "Subject_code": "01MTH",
  "Class_code": "01A",
  "Homework_title": "This is for testing puropse1",
  "Homework_description": "This is fro testing purpose1",
  "Homework_given_date": {
    "$date": "2023-05-18T00:00:00.000Z"
  },
  "Homework_due_date": {
    "$date": "2023-05-20T00:00:00.000Z"
  },
  "Date": {
    "$date": "2023-05-18T09:05:25.632Z"
  },
  "__v": 0
},{
  "_id": {
    "$oid": "6465ea5aa582ac20e2c60506"
  },
  "T_icard_Id": "TXYJV01",
  "Subject_code": "01MTH",
  "Class_code": "01A",
  "Homework_title": "This is for testing puropse2",
  "Homework_description": "This is fro testing purpose2",
  "Homework_given_date": {
    "$date": "2023-05-18T00:00:00.000Z"
  },
  "Homework_due_date": {
    "$date": "2023-05-20T00:00:00.000Z"
  },
  "Date": {
    "$date": "2023-05-18T09:05:30.826Z"
  },
  "__v": 0
},{
  "_id": {
    "$oid": "6465ea60a582ac20e2c6050c"
  },
  "T_icard_Id": "TXYJV01",
  "Subject_code": "01MTH",
  "Class_code": "01A",
  "Homework_title": "This is for testing puropse3",
  "Homework_description": "This is fro testing purpose3",
  "Homework_given_date": {
    "$date": "2023-05-18T00:00:00.000Z"
  },
  "Homework_due_date": {
    "$date": "2023-05-20T00:00:00.000Z"
  },
  "Date": {
    "$date": "2023-05-18T09:05:36.784Z"
  },
  "__v": 0
},{
  "_id": {
    "$oid": "6465ec1e512e24a9ea330fc3"
  },
  "T_icard_Id": "TXYJV01",
  "Subject_code": "02MTH",
  "Class_code": "02A",
  "Homework_title": "This is for testing puropse3",
  "Homework_description": "This is fro testing purpose3",
  "Homework_given_date": {
    "$date": "2023-05-18T00:00:00.000Z"
  },
  "Homework_due_date": {
    "$date": "2023-05-20T00:00:00.000Z"
  },
  "Date": {
    "$date": "2023-05-18T09:13:02.211Z"
  },
  "__v": 0
},{
  "_id": {
    "$oid": "6465ec26512e24a9ea330fc9"
  },
  "T_icard_Id": "TXYJV01",
  "Subject_code": "03MTH",
  "Class_code": "03A",
  "Homework_title": "This is for testing puropse3",
  "Homework_description": "This is fro testing purpose3",
  "Homework_given_date": {
    "$date": "2023-05-18T00:00:00.000Z"
  },
  "Homework_due_date": {
    "$date": "2023-05-20T00:00:00.000Z"
  },
  "Date": {
    "$date": "2023-05-18T09:13:10.245Z"
  },
  "__v": 0
}]