[{
  "_id": {
    "$oid": "645b825f4cbb123c9ab51ce5"
  },
  "Admin_id": {
    "$oid": "645b16b3e38ae29ff157ed9b"
  },
  "Notice_title": "This is testing",
  "Notice_description": "this is teating notice",
  "Notice_attechments": "uploads\\notice-1683718751737. 1.jpg",
  "Date": {
    "$date": "2023-05-10T11:39:01.328Z"
  },
  "__v": 0,
  "Group": "Teacher"
},{
  "_id": {
    "$oid": "645b827d4cbb123c9ab51ce7"
  },
  "Admin_id": {
    "$oid": "645b16b3e38ae29ff157ed9b"
  },
  "Notice_title": "Nothis is impossible2222222",
  "Notice_description": "Nothis is impossible22222",
  "Notice_attechments": "uploads\\notice-1683783467732. 2.jpg",
  "Date": {
    "$date": "2023-05-10T11:39:01.328Z"
  },
  "__v": 0,
  "Group": "All"
},{
  "_id": {
    "$oid": "645c8f012812ba49869fd458"
  },
  "Admin_id": {
    "$oid": "645b16b3e38ae29ff157ed9b"
  },
  "Notice_title": "This is testing3333333",
  "Notice_description": "this is teating notice333333",
  "Notice_attechments": "uploads\\notice-1683787521160. pexels-photo-1270184.jpeg",
  "Group": "Student",
  "Date": {
    "$date": "2023-05-11T06:44:37.667Z"
  },
  "__v": 0
},{
  "_id": {
    "$oid": "6464a4704d8a789677c8b1b6"
  },
  "Admin_id": {
    "$oid": "645b16b3e38ae29ff157ed9b"
  },
  "Notice_title": "This is testing3333333",
  "Notice_description": "this is teating notice333333",
  "Notice_attechments": "uploads\\notice-1684317296525. Book List 2023-24.pdf",
  "Group": "All",
  "Date": {
    "$date": "2023-05-17T08:57:52.003Z"
  },
  "__v": 0
}]