[{
  "_id": {
    "$oid": "645cc6022e84a0a34d97ce2f"
  },
  "S_icard_Id": "SXYSR1A01",
  "Complain_title": "THis11111 is for teating purposes",
  "Complain_descriptio": "THis is only for teating purposes",
  "__v": 0,
  "T_icard_Id": "TXYRS02"
},{
  "_id": {
    "$oid": "645cc6042e84a0a34d97ce34"
  },
  "S_icard_Id": "SXYSR1A01",
  "Complain_title": "THis is for teating purpos",
  "Complain_descriptio": "THis is only for teating purpos",
  "__v": 0,
  "T_icard_Id": "TXYJV01"
},{
  "_id": {
    "$oid": "645cc6092e84a0a34d97ce39"
  },
  "S_icard_Id": "SXYSR1A01",
  "Complain_title": "THis is for teating purpos111",
  "Complain_descriptio": "THis is only for teating purpos",
  "__v": 0,
  "T_icard_Id": "TXYJV01"
},{
  "_id": {
    "$oid": "645cc6302e84a0a34d97ce3e"
  },
  "S_icard_Id": "SXYSR1A01",
  "Complain_title": "THis is for teating purpos111",
  "Complain_descriptio": "THis is only for teating purpos2222",
  "__v": 0,
  "T_icard_Id": "TXYRS02"
},{
  "_id": {
    "$oid": "645cc6332e84a0a34d97ce43"
  },
  "S_icard_Id": "SXYSR1A01",
  "Complain_title": "THis is for teating purpos1113333",
  "Complain_descriptio": "THis is only for teating purpos2222",
  "__v": 0,
  "T_icard_Id": "TXYRS02"
},{
  "_id": {
    "$oid": "645cc6362e84a0a34d97ce48"
  },
  "S_icard_Id": "SXYSR1A01",
  "Complain_title": "THis11111 is for teating purpos1113333",
  "Complain_descriptio": "THis is only for teating purpos2222",
  "__v": 0,
  "T_icard_Id": "TXYRS02"
},{
  "_id": {
    "$oid": "645e084de3c8f8bc17d9bf84"
  },
  "S_icard_Id": "SXYSR1A01",
  "Complain_title": "THis11111 is for teating purposes",
  "Complain_descriptio": "THis is only for teating purposes",
  "T_icard_Id": "TXYRS02",
  "__v": 0
},{
  "_id": {
    "$oid": "645e0d7f08ba02b05d202017"
  },
  "S_icard_Id": "SXYVJ02A01",
  "Complain_title": "THis11111 is for teating purposes",
  "Complain_descriptio": "THis is only for teating purposes",
  "T_icard_Id": "TXYRS02",
  "__v": 0
}]