[{
  "_id": {
    "$oid": "645b4480e43e2439188b3705"
  },
  "Admin_id": {
    "$oid": "645b16b3e38ae29ff157ed9b"
  },
  "S_icard_Id": "SXYSR01A01",
  "S_name": "Rihil Sanghani",
  "S_mobile_no": "9537118135",
  "S_address": "E-105 punagam, surat",
  "S_photo": "imgae-1683702912902. desktop-wallpaper-programmer-funny-coding.jpg",
  "S_standard": "10",
  "S_Class_code": "01A",
  "S_Password": "123456",
  "__v": 0
},{
  "_id": {
    "$oid": "6462098e9a22a6d39acddcf8"
  },
  "Admin_id": {
    "$oid": "645b16b3e38ae29ff157ed9b"
  },
  "S_icard_Id": "SXYVJ02A01",
  "S_name": "Vekariya Jenish",
  "S_mobile_no": "9537118136",
  "S_address": "E-105 punagam, surat",
  "S_photo": "imgae-1684146574116. 3.jpg",
  "S_standard": "10",
  "S_Class_code": "02A",
  "S_Password": "123456",
  "__v": 0
},{
  "_id": {
    "$oid": "6467073c07f7b39cb901a573"
  },
  "Admin_id": {
    "$oid": "645b16b3e38ae29ff157ed9b"
  },
  "S_icard_Id": "SXYAB01A02",
  "S_name": "abc",
  "S_mobile_no": "9537118140",
  "S_address": "E-105 punagam, surat",
  "S_photo": "imgae-1684473660715. 1.jpg",
  "S_standard": "01",
  "S_Class_code": "01A",
  "S_Password": "123456",
  "__v": 0
},{
  "_id": {
    "$oid": "6467075507f7b39cb901a579"
  },
  "Admin_id": {
    "$oid": "645b16b3e38ae29ff157ed9b"
  },
  "S_icard_Id": "SXYAB01A03",
  "S_name": "def",
  "S_mobile_no": "9537118141",
  "S_address": "E-105 punagam, surat",
  "S_photo": "imgae-1684473685770. 2.jpg",
  "S_standard": "01",
  "S_Class_code": "01A",
  "S_Password": "123456",
  "__v": 0
},{
  "_id": {
    "$oid": "646707d307f7b39cb901a57f"
  },
  "Admin_id": {
    "$oid": "645b16b3e38ae29ff157ed9b"
  },
  "S_icard_Id": "SXYAB01A04",
  "S_name": "ghi",
  "S_mobile_no": "9537118142",
  "S_address": "E-105 punagam, surat",
  "S_photo": "imgae-1684473811097. 3.jpg",
  "S_standard": "01",
  "S_Class_code": "01A",
  "S_Password": "123456",
  "__v": 0
},{
  "_id": {
    "$oid": "646707fb07f7b39cb901a585"
  },
  "Admin_id": {
    "$oid": "645b16b3e38ae29ff157ed9b"
  },
  "S_icard_Id": "SXYAB01A05",
  "S_name": "jkl",
  "S_mobile_no": "9537118143",
  "S_address": "E-105 punagam, surat",
  "S_photo": "imgae-1684473851447. 4.jpg",
  "S_standard": "01",
  "S_Class_code": "01A",
  "S_Password": "123456",
  "__v": 0
},{
  "_id": {
    "$oid": "6467083607f7b39cb901a590"
  },
  "Admin_id": {
    "$oid": "645b16b3e38ae29ff157ed9b"
  },
  "S_icard_Id": "SXYAB01A06",
  "S_name": "mno",
  "S_mobile_no": "9537118144",
  "S_address": "E-105 punagam, surat",
  "S_photo": "imgae-1684473910164. images.jpg",
  "S_standard": "01",
  "S_Class_code": "01A",
  "S_Password": "123456",
  "__v": 0
},{
  "_id": {
    "$oid": "646708a607f7b39cb901a596"
  },
  "Admin_id": {
    "$oid": "645b16b3e38ae29ff157ed9b"
  },
  "S_icard_Id": "SXYAB01A07",
  "S_name": "pqr",
  "S_mobile_no": "9537118145",
  "S_address": "E-105 punagam, surat",
  "S_photo": "imgae-1684474022404. 1.jpg",
  "S_standard": "01",
  "S_Class_code": "01A",
  "S_Password": "123456",
  "__v": 0
},{
  "_id": {
    "$oid": "646708b507f7b39cb901a59c"
  },
  "Admin_id": {
    "$oid": "645b16b3e38ae29ff157ed9b"
  },
  "S_icard_Id": "SXYAB01A08",
  "S_name": "stu",
  "S_mobile_no": "9537118146",
  "S_address": "E-105 punagam, surat",
  "S_photo": "imgae-1684474037217. 2.jpg",
  "S_standard": "01",
  "S_Class_code": "01A",
  "S_Password": "123456",
  "__v": 0
},{
  "_id": {
    "$oid": "646708cf07f7b39cb901a5a2"
  },
  "Admin_id": {
    "$oid": "645b16b3e38ae29ff157ed9b"
  },
  "S_icard_Id": "SXYAB01A09",
  "S_name": "wxy",
  "S_mobile_no": "9537118147",
  "S_address": "E-105 punagam, surat",
  "S_photo": "imgae-1684474063011. 3.jpg",
  "S_standard": "01",
  "S_Class_code": "01A",
  "S_Password": "123456",
  "__v": 0
},{
  "_id": {
    "$oid": "646708ff07f7b39cb901a5ab"
  },
  "Admin_id": {
    "$oid": "645b16b3e38ae29ff157ed9b"
  },
  "S_icard_Id": "SXYAB01A10",
  "S_name": "zab",
  "S_mobile_no": "9537118148",
  "S_address": "E-105 punagam, surat",
  "S_photo": "imgae-1684474111639. 4.jpg",
  "S_standard": "01",
  "S_Class_code": "01A",
  "S_Password": "123456",
  "__v": 0
},{
  "_id": {
    "$oid": "6467091407f7b39cb901a5b1"
  },
  "Admin_id": {
    "$oid": "645b16b3e38ae29ff157ed9b"
  },
  "S_icard_Id": "SXYAB01A11",
  "S_name": "cde",
  "S_mobile_no": "9537118149",
  "S_address": "E-105 punagam, surat",
  "S_photo": "imgae-1684474132160. images.jpg",
  "S_standard": "01",
  "S_Class_code": "01A",
  "S_Password": "123456",
  "__v": 0
}]