[{
  "_id": {
    "$oid": "64636e9154c39c202fa365cb"
  },
  "Standard": "01",
  "Subject_Name": "Maths",
  "Subject_Code": "01MTH",
  "__v": 0
},{
  "_id": {
    "$oid": "64636f9954c39c202fa365ce"
  },
  "Standard": "01",
  "Subject_Name": "Gujrati",
  "Subject_Code": "01GUJ",
  "__v": 0
},{
  "_id": {
    "$oid": "64636fc254c39c202fa365d1"
  },
  "Standard": "01",
  "Subject_Name": "English",
  "Subject_Code": "01ENG",
  "__v": 0
},{
  "_id": {
    "$oid": "64636ff454c39c202fa365d4"
  },
  "Standard": "01",
  "Subject_Name": "Hindi",
  "Subject_Code": "01HIN",
  "__v": 0
},{
  "_id": {
    "$oid": "6463700754c39c202fa365d8"
  },
  "Standard": "01",
  "Subject_Name": "Computer",
  "Subject_Code": "01COM",
  "__v": 0
},{
  "_id": {
    "$oid": "6463703c54c39c202fa365db"
  },
  "Standard": "01",
  "Subject_Name": "Drawing",
  "Subject_Code": "01DRW",
  "__v": 0
},{
  "_id": {
    "$oid": "6463705354c39c202fa365de"
  },
  "Standard": "01",
  "Subject_Name": "General Knowledge",
  "Subject_Code": "01GKN",
  "__v": 0
},{
  "_id": {
    "$oid": "6463708a54c39c202fa365e1"
  },
  "Standard": "02",
  "Subject_Name": "Maths",
  "Subject_Code": "02MTH",
  "__v": 0
},{
  "_id": {
    "$oid": "646374a854c39c202fa365e4"
  },
  "Standard": "02",
  "Subject_Name": "Gujrati",
  "Subject_Code": "02GUJ",
  "__v": 0
},{
  "_id": {
    "$oid": "646374d154c39c202fa365e7"
  },
  "Standard": "02",
  "Subject_Name": "English",
  "Subject_Code": "02ENG",
  "__v": 0
},{
  "_id": {
    "$oid": "646374e054c39c202fa365ea"
  },
  "Standard": "02",
  "Subject_Name": "Hindi",
  "Subject_Code": "02HIN",
  "__v": 0
},{
  "_id": {
    "$oid": "646374f554c39c202fa365ed"
  },
  "Standard": "02",
  "Subject_Name": "Computer",
  "Subject_Code": "02COM",
  "__v": 0
},{
  "_id": {
    "$oid": "6463751a54c39c202fa365f0"
  },
  "Standard": "02",
  "Subject_Name": "Drawing",
  "Subject_Code": "02DRW",
  "__v": 0
},{
  "_id": {
    "$oid": "6463754854c39c202fa365f3"
  },
  "Standard": "02",
  "Subject_Name": "General Knowledge",
  "Subject_Code": "02GKN",
  "__v": 0
},{
  "_id": {
    "$oid": "64644dcaf20ac32a18355dde"
  },
  "Standard": "03",
  "Subject_Name": "Maths",
  "Subject_Code": "03MTH",
  "__v": 0
},{
  "_id": {
    "$oid": "64644dddf20ac32a18355de1"
  },
  "Standard": "03",
  "Subject_Name": "Gujrati",
  "Subject_Code": "03GUJ",
  "__v": 0
},{
  "_id": {
    "$oid": "64644df6f20ac32a18355de4"
  },
  "Standard": "03",
  "Subject_Name": "English",
  "Subject_Code": "03ENG",
  "__v": 0
},{
  "_id": {
    "$oid": "64644e11f20ac32a18355de7"
  },
  "Standard": "03",
  "Subject_Name": "Hindi",
  "Subject_Code": "03HIN",
  "__v": 0
},{
  "_id": {
    "$oid": "64644e77f20ac32a18355dea"
  },
  "Standard": "03",
  "Subject_Name": "Aaspas",
  "Subject_Code": "03ASP",
  "__v": 0
},{
  "_id": {
    "$oid": "64644e87f20ac32a18355ded"
  },
  "Standard": "03",
  "Subject_Name": "Computer",
  "Subject_Code": "03COM",
  "__v": 0
},{
  "_id": {
    "$oid": "64644e96f20ac32a18355df0"
  },
  "Standard": "03",
  "Subject_Name": "Drawing",
  "Subject_Code": "03DRW",
  "__v": 0
},{
  "_id": {
    "$oid": "64644eacf20ac32a18355df3"
  },
  "Standard": "03",
  "Subject_Name": "General Knowledge",
  "Subject_Code": "03GKN",
  "__v": 0
},{
  "_id": {
    "$oid": "646452bbf20ac32a18355df6"
  },
  "Standard": "04",
  "Subject_Name": "Maths",
  "Subject_Code": "04MTH",
  "__v": 0
},{
  "_id": {
    "$oid": "646452c6f20ac32a18355df9"
  },
  "Standard": "04",
  "Subject_Name": "Gujrati",
  "Subject_Code": "04GUJ",
  "__v": 0
},{
  "_id": {
    "$oid": "646452d6f20ac32a18355dfc"
  },
  "Standard": "04",
  "Subject_Name": "English",
  "Subject_Code": "04ENG",
  "__v": 0
},{
  "_id": {
    "$oid": "64645382f20ac32a18355dff"
  },
  "Standard": "04",
  "Subject_Name": "Aaspas",
  "Subject_Code": "04ASP",
  "__v": 0
},{
  "_id": {
    "$oid": "64645398f20ac32a18355e02"
  },
  "Standard": "04",
  "Subject_Name": "Computer",
  "Subject_Code": "04COM",
  "__v": 0
},{
  "_id": {
    "$oid": "646453a8f20ac32a18355e05"
  },
  "Standard": "04",
  "Subject_Name": "Drawing",
  "Subject_Code": "04DRW",
  "__v": 0
},{
  "_id": {
    "$oid": "646453baf20ac32a18355e08"
  },
  "Standard": "04",
  "Subject_Name": "General Knowledge",
  "Subject_Code": "04GKN",
  "__v": 0
},{
  "_id": {
    "$oid": "6464589ef20ac32a18355e0b"
  },
  "Standard": "05",
  "Subject_Name": "Maths",
  "Subject_Code": "05MTH",
  "__v": 0
},{
  "_id": {
    "$oid": "646458edf20ac32a18355e0e"
  },
  "Standard": "05",
  "Subject_Name": "Gujrati",
  "Subject_Code": "05GUJ",
  "__v": 0
},{
  "_id": {
    "$oid": "64645905f20ac32a18355e11"
  },
  "Standard": "05",
  "Subject_Name": "English",
  "Subject_Code": "05ENG",
  "__v": 0
},{
  "_id": {
    "$oid": "6464591bf20ac32a18355e14"
  },
  "Standard": "05",
  "Subject_Name": "Hindi",
  "Subject_Code": "05HIN",
  "__v": 0
},{
  "_id": {
    "$oid": "6464593df20ac32a18355e17"
  },
  "Standard": "05",
  "Subject_Name": "Aaspas",
  "Subject_Code": "05ASP",
  "__v": 0
},{
  "_id": {
    "$oid": "6464595bf20ac32a18355e1a"
  },
  "Standard": "05",
  "Subject_Name": "Computer",
  "Subject_Code": "05COM",
  "__v": 0
},{
  "_id": {
    "$oid": "64645975f20ac32a18355e1d"
  },
  "Standard": "05",
  "Subject_Name": "Drawing",
  "Subject_Code": "05DRW",
  "__v": 0
},{
  "_id": {
    "$oid": "646459a2f20ac32a18355e20"
  },
  "Standard": "05",
  "Subject_Name": "General Knowledge",
  "Subject_Code": "05GKN",
  "__v": 0
},{
  "_id": {
    "$oid": "646459eaf20ac32a18355e23"
  },
  "Standard": "06",
  "Subject_Name": "Maths",
  "Subject_Code": "06MTH",
  "__v": 0
},{
  "_id": {
    "$oid": "64645a69f20ac32a18355e26"
  },
  "Standard": "06",
  "Subject_Name": "Gujrati",
  "Subject_Code": "06GUJ",
  "__v": 0
},{
  "_id": {
    "$oid": "64645a7cf20ac32a18355e29"
  },
  "Standard": "06",
  "Subject_Name": "English",
  "Subject_Code": "06ENG",
  "__v": 0
},{
  "_id": {
    "$oid": "64645a9df20ac32a18355e2c"
  },
  "Standard": "06",
  "Subject_Name": "Social Science",
  "Subject_Code": "06SCS",
  "__v": 0
},{
  "_id": {
    "$oid": "64645ab9f20ac32a18355e2f"
  },
  "Standard": "06",
  "Subject_Name": "Sanskrit",
  "Subject_Code": "06SAN",
  "__v": 0
},{
  "_id": {
    "$oid": "64645adef20ac32a18355e32"
  },
  "Standard": "06",
  "Subject_Name": "Science And Technology",
  "Subject_Code": "06SCI",
  "__v": 0
},{
  "_id": {
    "$oid": "64645af3f20ac32a18355e35"
  },
  "Standard": "06",
  "Subject_Name": "Computer",
  "Subject_Code": "06COM",
  "__v": 0
},{
  "_id": {
    "$oid": "64645b1cf20ac32a18355e38"
  },
  "Standard": "06",
  "Subject_Name": "General Knowledge",
  "Subject_Code": "06GKN",
  "__v": 0
},{
  "_id": {
    "$oid": "64645b32f20ac32a18355e3b"
  },
  "Standard": "06",
  "Subject_Name": "Drawing",
  "Subject_Code": "06DRW",
  "__v": 0
},{
  "_id": {
    "$oid": "64646741f20ac32a18355e3e"
  },
  "Standard": "07",
  "Subject_Name": "Science And Technology",
  "Subject_Code": "07SCI",
  "__v": 0
},{
  "_id": {
    "$oid": "64646794f20ac32a18355e41"
  },
  "Standard": "07",
  "Subject_Name": "Hindi",
  "Subject_Code": "07HIN",
  "__v": 0
},{
  "_id": {
    "$oid": "646467aff20ac32a18355e44"
  },
  "Standard": "07",
  "Subject_Name": "English",
  "Subject_Code": "07ENG",
  "__v": 0
},{
  "_id": {
    "$oid": "646467c9f20ac32a18355e47"
  },
  "Standard": "07",
  "Subject_Name": "Maths",
  "Subject_Code": "07MTH",
  "__v": 0
},{
  "_id": {
    "$oid": "646467d4f20ac32a18355e4a"
  },
  "Standard": "07",
  "Subject_Name": "Gujrati",
  "Subject_Code": "07GUJ",
  "__v": 0
},{
  "_id": {
    "$oid": "646467e2f20ac32a18355e4d"
  },
  "Standard": "07",
  "Subject_Name": "Social Science",
  "Subject_Code": "07SCS",
  "__v": 0
},{
  "_id": {
    "$oid": "646467fbf20ac32a18355e50"
  },
  "Standard": "07",
  "Subject_Name": "Sanskrit",
  "Subject_Code": "07SAN",
  "__v": 0
},{
  "_id": {
    "$oid": "64646809f20ac32a18355e53"
  },
  "Standard": "07",
  "Subject_Name": "Drawing",
  "Subject_Code": "07DRW",
  "__v": 0
},{
  "_id": {
    "$oid": "64646813f20ac32a18355e56"
  },
  "Standard": "07",
  "Subject_Name": "Computer",
  "Subject_Code": "07COM",
  "__v": 0
},{
  "_id": {
    "$oid": "64646826f20ac32a18355e59"
  },
  "Standard": "07",
  "Subject_Name": "General Knowledge",
  "Subject_Code": "07GKN",
  "__v": 0
},{
  "_id": {
    "$oid": "6464683ff20ac32a18355e5c"
  },
  "Standard": "08",
  "Subject_Name": "Maths",
  "Subject_Code": "08MTH",
  "__v": 0
},{
  "_id": {
    "$oid": "6464684af20ac32a18355e5f"
  },
  "Standard": "08",
  "Subject_Name": "Gujrati",
  "Subject_Code": "08GUJ",
  "__v": 0
},{
  "_id": {
    "$oid": "646468c3f20ac32a18355e62"
  },
  "Standard": "08",
  "Subject_Name": "Social Science",
  "Subject_Code": "08SCS",
  "__v": 0
},{
  "_id": {
    "$oid": "646468d9f20ac32a18355e65"
  },
  "Standard": "08",
  "Subject_Name": "Science And Technology",
  "Subject_Code": "08SCI",
  "__v": 0
},{
  "_id": {
    "$oid": "646468e5f20ac32a18355e68"
  },
  "Standard": "08",
  "Subject_Name": "English",
  "Subject_Code": "08ENG",
  "__v": 0
},{
  "_id": {
    "$oid": "646468f1f20ac32a18355e6b"
  },
  "Standard": "08",
  "Subject_Name": "Hindi",
  "Subject_Code": "08HIN",
  "__v": 0
},{
  "_id": {
    "$oid": "646468fff20ac32a18355e6e"
  },
  "Standard": "08",
  "Subject_Name": "Sanskrit",
  "Subject_Code": "08SAN",
  "__v": 0
},{
  "_id": {
    "$oid": "6464709af20ac32a18355e72"
  },
  "Standard": "08",
  "Subject_Name": "Drawing",
  "Subject_Code": "08DRW",
  "__v": 0
},{
  "_id": {
    "$oid": "646470d0f20ac32a18355e75"
  },
  "Standard": "08",
  "Subject_Name": "Computer",
  "Subject_Code": "08COM",
  "__v": 0
},{
  "_id": {
    "$oid": "646470f3f20ac32a18355e78"
  },
  "Standard": "08",
  "Subject_Name": "General Knowledge",
  "Subject_Code": "08GKN",
  "__v": 0
},{
  "_id": {
    "$oid": "64647108f20ac32a18355e7b"
  },
  "Standard": "09",
  "Subject_Name": "Computer",
  "Subject_Code": "09COM",
  "__v": 0
},{
  "_id": {
    "$oid": "64647114f20ac32a18355e7e"
  },
  "Standard": "09",
  "Subject_Name": "Drawing",
  "Subject_Code": "09DRW",
  "__v": 0
},{
  "_id": {
    "$oid": "64647135f20ac32a18355e81"
  },
  "Standard": "09",
  "Subject_Name": "Maths",
  "Subject_Code": "09MTH",
  "__v": 0
},{
  "_id": {
    "$oid": "64647140f20ac32a18355e84"
  },
  "Standard": "09",
  "Subject_Name": "Gujrati",
  "Subject_Code": "09GUJ",
  "__v": 0
},{
  "_id": {
    "$oid": "6464714ff20ac32a18355e87"
  },
  "Standard": "09",
  "Subject_Name": "Social Science",
  "Subject_Code": "09SCS",
  "__v": 0
},{
  "_id": {
    "$oid": "646471c8f20ac32a18355e8a"
  },
  "Standard": "09",
  "Subject_Name": "Sanskrit",
  "Subject_Code": "09SAN",
  "__v": 0
},{
  "_id": {
    "$oid": "646471dcf20ac32a18355e8d"
  },
  "Standard": "09",
  "Subject_Name": "Science And Technology",
  "Subject_Code": "09SCI",
  "__v": 0
},{
  "_id": {
    "$oid": "646471edf20ac32a18355e90"
  },
  "Standard": "09",
  "Subject_Name": "English",
  "Subject_Code": "09ENG",
  "__v": 0
},{
  "_id": {
    "$oid": "646471f7f20ac32a18355e93"
  },
  "Standard": "09",
  "Subject_Name": "Hindi",
  "Subject_Code": "09HIN",
  "__v": 0
},{
  "_id": {
    "$oid": "64647340f20ac32a18355e96"
  },
  "Standard": "10",
  "Subject_Name": "Computer",
  "Subject_Code": "10COM",
  "__v": 0
},{
  "_id": {
    "$oid": "6464734cf20ac32a18355e99"
  },
  "Standard": "10",
  "Subject_Name": "Drawing",
  "Subject_Code": "10DRA",
  "__v": 0
},{
  "_id": {
    "$oid": "64647358f20ac32a18355e9c"
  },
  "Standard": "10",
  "Subject_Name": "Maths",
  "Subject_Code": "10MTH",
  "__v": 0
},{
  "_id": {
    "$oid": "64647368f20ac32a18355e9f"
  },
  "Standard": "10",
  "Subject_Name": "Gujrati",
  "Subject_Code": "10GUJ",
  "__v": 0
},{
  "_id": {
    "$oid": "64647379f20ac32a18355ea2"
  },
  "Standard": "10",
  "Subject_Name": "Social Science",
  "Subject_Code": "10SCS",
  "__v": 0
},{
  "_id": {
    "$oid": "6464738ef20ac32a18355ea5"
  },
  "Standard": "10",
  "Subject_Name": "Sanskrit",
  "Subject_Code": "10SAN",
  "__v": 0
},{
  "_id": {
    "$oid": "646473a1f20ac32a18355ea8"
  },
  "Standard": "10",
  "Subject_Name": "Science And Technology",
  "Subject_Code": "10SCI",
  "__v": 0
},{
  "_id": {
    "$oid": "646473b1f20ac32a18355eab"
  },
  "Standard": "10",
  "Subject_Name": "English",
  "Subject_Code": "10Eng",
  "__v": 0
},{
  "_id": {
    "$oid": "646473c6f20ac32a18355eae"
  },
  "Standard": "11",
  "Subject_Name": "English",
  "Subject_Code": "11Eng",
  "__v": 0
},{
  "_id": {
    "$oid": "646473e2f20ac32a18355eb1"
  },
  "Standard": "11",
  "Subject_Name": "Account",
  "Subject_Code": "11ACC",
  "__v": 0
},{
  "_id": {
    "$oid": "646473f4f20ac32a18355eb4"
  },
  "Standard": "11",
  "Subject_Name": "Gujrati",
  "Subject_Code": "11GUJ",
  "__v": 0
},{
  "_id": {
    "$oid": "64647418f20ac32a18355eb7"
  },
  "Standard": "11",
  "Subject_Name": "Economics",
  "Subject_Code": "11ECO",
  "__v": 0
},{
  "_id": {
    "$oid": "6464745af20ac32a18355eba"
  },
  "Standard": "11",
  "Subject_Name": "Business Administration",
  "Subject_Code": "11BAD",
  "__v": 0
},{
  "_id": {
    "$oid": "6464747df20ac32a18355ebd"
  },
  "Standard": "11",
  "Subject_Name": "Statistics",
  "Subject_Code": "11STA",
  "__v": 0
},{
  "_id": {
    "$oid": "646474dbf20ac32a18355ec0"
  },
  "Standard": "11",
  "Subject_Name": "Secretarial Practice",
  "Subject_Code": "11SEP",
  "__v": 0
},{
  "_id": {
    "$oid": "6464760bf20ac32a18355ec3"
  },
  "Standard": "12",
  "Subject_Name": "Secretarial Practice",
  "Subject_Code": "12SEP",
  "__v": 0
},{
  "_id": {
    "$oid": "646476e3f20ac32a18355ec7"
  },
  "Standard": "12",
  "Subject_Name": "Account",
  "Subject_Code": "12ACC",
  "__v": 0
},{
  "_id": {
    "$oid": "6464772cf20ac32a18355eca"
  },
  "Standard": "12",
  "Subject_Name": "Gujrati",
  "Subject_Code": "12GUJ",
  "__v": 0
},{
  "_id": {
    "$oid": "6464773ef20ac32a18355ecd"
  },
  "Standard": "12",
  "Subject_Name": "Economics",
  "Subject_Code": "12ECO",
  "__v": 0
},{
  "_id": {
    "$oid": "6464775bf20ac32a18355ed0"
  },
  "Standard": "12",
  "Subject_Name": "Business Administration",
  "Subject_Code": "12BAD",
  "__v": 0
},{
  "_id": {
    "$oid": "6464776cf20ac32a18355ed3"
  },
  "Standard": "12",
  "Subject_Name": "English",
  "Subject_Code": "12ENG",
  "__v": 0
},{
  "_id": {
    "$oid": "64647791f20ac32a18355ed6"
  },
  "Standard": "12",
  "Subject_Name": "Statistics",
  "Subject_Code": "12STA",
  "__v": 0
},{
  "_id": {
    "$oid": "64647896f20ac32a18355ed9"
  },
  "Standard": "04",
  "Subject_Name": "Hindi",
  "Subject_Code": "04HIN",
  "__v": 0
}]