[{
  "_id": {
    "$oid": "645de903e69f4fc04f5ba0e0"
  },
  "T_icard_Id": "TXYRS02",
  "Complain_title": "THis11111 is for teating purpos111333344444",
  "Complain_descriptio": "THis is only for teating purpos222244444",
  "S_icard_Id": "SXYSR1A01",
  "__v": 0
},{
  "_id": {
    "$oid": "645e0ad60157aa37d06d1b5e"
  },
  "T_icard_Id": "TXYRS02",
  "Complain_title": "THis11111 is for teating purpos111333344444666666666",
  "Complain_descriptio": "THis is only for teating purpos222244444666666666",
  "S_icard_Id": "SXYSR1A01",
  "__v": 0
}]